Quantile Value,Threshold for Answer Time Difference
0.1,16.00702546296296
0.25,27.384988425925926
0.5,324.87285416666674
0.75,709.2966001157408
0.9,917.0082824074074
