Quantile Value,Threshold for Question Time Difference
0.1,12.659675925925926
0.25,38.034432870370374
0.5,239.54710648148148
0.75,486.88395833333334
0.9,612.4500925925926
